IDŐ, ÚTX, DELTAX, FX
 1, 0.000000, 0.000000, 4708.800293
 2, 0.000000, 0.000000, 4708.800293
 3, 0.000000, 0.000000, 4708.800293
 4, 0.000000, 0.000000, 4708.800293
 5, 0.000000, 0.000000, 4708.800293
 6, 0.000000, 0.000000, 4708.800293
 7, 0.000000, 0.000000, 4708.800293
 8, 0.000000, 0.000000, 4708.800293
 9, 0.000000, 0.000000, 4708.800293
 10, 0.000000, 0.000000, 4708.800293
 11, 0.000000, 0.000000, 4708.800293
 12, 0.000000, 0.000000, 4708.800293
 13, 0.000000, 0.000000, 4708.800293
 14, 0.000000, 0.000000, 4708.800293
 15, 0.000000, 0.000000, 4708.800293
 16, 0.000000, 0.000000, 4708.800293
 17, 0.000000, 0.000000, 4708.800293
 18, 0.000000, 0.000000, 4708.800293
 19, 0.000000, 0.000000, 4708.800293
 20, 0.000000, 0.000000, 4708.800293
 21, 0.000000, 0.000000, 4708.800293
 22, 0.000000, 0.000000, 4708.800293
 23, 0.000000, 0.000000, 4708.800293
 24, 0.000000, 0.000000, 4708.800293
 25, 0.000000, 0.000000, 4708.800293
 26, 0.000000, 0.000000, 4708.800293
 27, 0.000000, 0.000000, 4708.800293
 28, 0.000000, 0.000000, 4708.800293
 29, 0.000000, 0.000000, 4708.800293
 30, 0.000000, 0.000000, 4708.800293
 31, 0.000000, 0.000000, 4708.800293
 32, 0.000000, 0.000000, 4708.800293
 33, 0.000000, 0.000000, 4708.800293
 34, 0.000000, 0.000000, 4708.800293
 35, 0.000000, 0.000000, 4708.800293
 36, 0.000000, 0.000000, 4708.800293
 37, 0.000000, 0.000000, 4708.800293
 38, 0.000000, 0.000000, 4708.800293
 39, 0.000000, 0.000000, 4708.800293
 40, 0.000000, 0.000000, 4708.800293
 41, 0.000000, 0.000000, 4708.800293
 42, 0.000000, 0.000000, 4708.800293
 43, 0.000000, 0.000000, 4708.800293
 44, 0.000000, 0.000000, 4708.800293
 45, 0.000000, 0.000000, 4708.800293
 46, 0.000000, 0.000000, 4708.800293
 47, 0.000000, 0.000000, 4708.800293
 48, 0.000000, 0.000000, 4708.800293
 49, 0.000000, 0.000000, 4708.800293
 50, 0.000000, 0.000000, 4708.800293
 51, 0.000000, 0.000000, 4708.800293
 52, 0.000000, 0.000000, 4708.800293
 53, 0.000000, 0.000000, 4708.800293
 54, 0.000000, 0.000000, 4708.800293
 55, 0.000000, 0.000000, 4708.800293
 56, 0.000000, 0.000000, 4708.800293
 57, 0.000000, 0.000000, 4708.800293
 58, 0.000000, 0.000000, 4708.800293
 59, 0.000000, 0.000000, 4708.800293
 60, 0.000000, 0.000000, 4708.800293
 61, 0.000000, 0.000000, 4708.800293
 62, 0.000000, 0.000000, 4708.800293
 63, 0.000000, 0.000000, 4708.800293
 64, 0.000000, 0.000000, 4708.800293
 65, 0.000000, 0.000000, 4708.800293
 66, 0.000000, 0.000000, 4708.800293
 67, 0.000000, 0.000000, 4708.800293
 68, 0.000000, 0.000000, 4708.800293
 69, 0.000000, 0.000000, 4708.800293
 70, 0.000000, 0.000000, 4708.800293
 71, 0.000000, 0.000000, 4708.800293
 72, 0.000000, 0.000000, 4708.800293
 73, 0.000000, 0.000000, 4708.800293
 74, 0.000000, 0.000000, 4708.800293
 75, 0.000000, 0.000000, 4708.800293
 76, 0.000000, 0.000000, 4708.800293
 77, 0.000000, 0.000000, 4708.800293
 78, 0.000000, 0.000000, 4708.800293
 79, 0.000000, 0.000000, 4708.800293
 80, 0.000000, 0.000000, 4708.800293
 81, 0.000000, 0.000000, 4708.800293
 82, 0.000000, 0.000000, 4708.800293
 83, 0.000000, 0.000000, 4708.800293
 84, 0.000000, 0.000000, 4708.800293
 85, 0.000000, 0.000000, 4708.800293
 86, 0.000000, 0.000000, 4708.800293
 87, 0.000000, 0.000000, 4708.800293
 88, 0.000000, 0.000000, 4708.800293
 89, 0.000000, 0.000000, 4708.800293
 90, 0.000000, 0.000000, 4708.800293
 91, 0.000000, 0.000000, 4708.800293
 92, 0.000000, 0.000000, 4708.800293
 93, 0.000000, 0.000000, 4708.800293
 94, 0.000000, 0.000000, 4708.800293
 95, 0.000000, 0.000000, 4708.800293
 96, 0.000000, 0.000000, 4708.800293
 97, 0.000000, 0.000000, 4708.800293
 98, 0.000000, 0.000000, 4708.800293
 99, 0.000000, 0.000000, 4708.800293
 100, 0.153748, 0.153748, 4742.625000
 101, 0.307495, 0.153747, 4742.624512
 102, 0.461243, 0.153748, 4742.625000
 103, 0.614990, 0.153747, 4742.624512
 104, 0.768738, 0.153748, 4742.625000
 105, 0.922485, 0.153747, 4742.624512
 106, 1.076233, 0.153748, 4742.625000
 107, 1.229980, 0.153747, 4742.624512
 108, 1.383728, 0.153748, 4742.625000
 109, 1.537475, 0.153747, 4742.624512
 110, 1.691223, 0.153748, 4742.625000
 111, 1.844971, 0.153748, 4742.625000
 112, 1.998718, 0.153747, 4742.624512
 113, 2.152466, 0.153748, 4742.625000
 114, 2.306213, 0.153747, 4742.624512
 115, 2.459961, 0.153748, 4742.625000
 116, 2.613708, 0.153747, 4742.624512
 117, 2.767456, 0.153748, 4742.625000
 118, 2.921203, 0.153747, 4742.624512
 119, 3.074951, 0.153748, 4742.625000
 120, 3.228698, 0.153747, 4742.624512
 121, 3.382446, 0.153748, 4742.625000
 122, 3.536194, 0.153748, 4742.625000
 123, 3.689941, 0.153747, 4742.624512
 124, 3.843689, 0.153748, 4742.625000
 125, 3.997436, 0.153747, 4742.624512
 126, 4.151184, 0.153748, 4742.625000
 127, 4.304931, 0.153747, 4742.624512
 128, 4.458679, 0.153748, 4742.625000
 129, 4.612426, 0.153747, 4742.624512
 130, 4.766174, 0.153748, 4742.625000
 131, 4.919921, 0.153747, 4742.624512
 132, 5.073669, 0.153748, 4742.625000
 133, 5.227417, 0.153748, 4742.625000
 134, 5.381164, 0.153747, 4742.624512
 135, 5.534912, 0.153748, 4742.625000
 136, 5.688659, 0.153747, 4742.624512
 137, 5.842407, 0.153748, 4742.625000
 138, 5.996154, 0.153747, 4742.624512
 139, 6.149902, 0.153748, 4742.625000
 140, 6.303649, 0.153747, 4742.624512
 141, 6.457397, 0.153748, 4742.625000
 142, 6.611145, 0.153748, 4742.625000
 143, 6.764892, 0.153747, 4742.624512
 144, 6.918640, 0.153748, 4742.625000
 145, 7.072387, 0.153747, 4742.624512
 146, 7.226135, 0.153748, 4742.625000
 147, 7.379882, 0.153747, 4742.624512
 148, 7.533630, 0.153748, 4742.625000
 149, 7.687377, 0.153747, 4742.624512
 150, 7.841125, 0.153748, 4742.625000
 151, 7.994873, 0.153748, 4742.625000
 152, 8.148620, 0.153747, 4742.624512
 153, 8.302367, 0.153748, 4742.625000
 154, 8.456115, 0.153748, 4742.625000
 155, 8.609862, 0.153748, 4742.625000
 156, 8.763610, 0.153748, 4742.625000
 157, 8.917357, 0.153748, 4742.625000
 158, 9.071105, 0.153748, 4742.625000
 159, 9.224853, 0.153748, 4742.625000
 160, 9.378600, 0.153748, 4742.625000
 161, 9.532348, 0.153748, 4742.625000
 162, 9.686095, 0.153748, 4742.625000
 163, 9.839843, 0.153748, 4742.625000
 164, 9.993590, 0.153748, 4742.625000
 165, 10.147338, 0.153748, 4742.625000
 166, 10.301085, 0.153748, 4742.625000
 167, 10.454833, 0.153748, 4742.625000
 168, 10.608581, 0.153748, 4742.625000
 169, 10.762328, 0.153748, 4742.625000
 170, 10.916076, 0.153748, 4742.625000
 171, 11.069823, 0.153748, 4742.625000
 172, 11.223571, 0.153748, 4742.625000
 173, 11.377318, 0.153748, 4742.625000
 174, 11.531066, 0.153748, 4742.625000
 175, 11.684813, 0.153747, 4742.624512
 176, 11.838561, 0.153749, 4742.625000
 177, 11.992309, 0.153748, 4742.625000
 178, 12.146056, 0.153748, 4742.625000
 179, 12.299804, 0.153748, 4742.625000
 180, 12.453551, 0.153748, 4742.625000
 181, 12.607299, 0.153748, 4742.625000
 182, 12.761046, 0.153748, 4742.625000
 183, 12.914794, 0.153748, 4742.625000
 184, 13.068542, 0.153748, 4742.625000
 185, 13.222289, 0.153748, 4742.625000
 186, 13.376037, 0.153748, 4742.625000
 187, 13.529784, 0.153748, 4742.625000
 188, 13.683532, 0.153748, 4742.625000
 189, 13.837279, 0.153748, 4742.625000
 190, 13.991027, 0.153748, 4742.625000
 191, 14.144774, 0.153748, 4742.625000
 192, 14.298522, 0.153748, 4742.625000
 193, 14.452270, 0.153748, 4742.625000
 194, 14.606017, 0.153748, 4742.625000
 195, 14.759765, 0.153748, 4742.625000
 196, 14.913512, 0.153748, 4742.625000
 197, 15.067260, 0.153748, 4742.625000
 198, 15.221007, 0.153748, 4742.625000
 199, 15.374755, 0.153748, 4742.625000
 200, 15.528502, 0.153748, 4742.625000
 201, 15.682250, 0.153748, 4742.625000
 202, 15.835998, 0.153748, 4742.625000
 203, 15.989745, 0.153748, 4742.625000
 204, 16.143492, 0.153747, 4742.624512
 205, 16.297239, 0.153748, 4742.625000
 206, 16.450987, 0.153748, 4742.625000
 207, 16.604734, 0.153748, 4742.625000
 208, 16.758482, 0.153748, 4742.625000
 209, 16.912230, 0.153748, 4742.625000
 210, 17.065977, 0.153748, 4742.625000
 211, 17.219725, 0.153748, 4742.625000
 212, 17.373472, 0.153748, 4742.625000
 213, 17.527220, 0.153748, 4742.625000
 214, 17.680967, 0.153748, 4742.625000
 215, 17.834715, 0.153748, 4742.625000
 216, 17.988462, 0.153748, 4742.625000
 217, 18.142210, 0.153748, 4742.625000
 218, 18.295958, 0.153748, 4742.625000
 219, 18.449705, 0.153748, 4742.625000
 220, 18.603453, 0.153748, 4742.625000
 221, 18.757200, 0.153748, 4742.625000
 222, 18.910948, 0.153748, 4742.625000
 223, 19.064695, 0.153748, 4742.625000
 224, 19.218443, 0.153748, 4742.625000
 225, 19.372190, 0.153748, 4742.625000
 226, 19.525938, 0.153748, 4742.625000
 227, 19.679686, 0.153748, 4742.625000
 228, 19.833433, 0.153748, 4742.625000
 229, 19.987181, 0.153748, 4742.625000
 230, 20.140928, 0.153748, 4742.625000
 231, 20.294676, 0.153748, 4742.625000
 232, 20.448423, 0.153748, 4742.625000
 233, 20.602171, 0.153748, 4742.625000
 234, 20.755919, 0.153748, 4742.625000
 235, 20.909666, 0.153748, 4742.625000
 236, 21.063414, 0.153748, 4742.625000
 237, 21.217161, 0.153748, 4742.625000
 238, 21.370909, 0.153748, 4742.625000
 239, 21.524656, 0.153748, 4742.625000
 240, 21.678404, 0.153748, 4742.625000
 241, 21.832151, 0.153748, 4742.625000
 242, 21.985899, 0.153748, 4742.625000
 243, 22.139647, 0.153748, 4742.625000
 244, 22.293394, 0.153748, 4742.625000
 245, 22.447142, 0.153748, 4742.625000
 246, 22.600889, 0.153748, 4742.625000
 247, 22.754637, 0.153748, 4742.625000
 248, 22.908384, 0.153748, 4742.625000
 249, 23.062132, 0.153748, 4742.625000
 250, 23.215879, 0.153748, 4742.625000
 251, 23.369627, 0.153748, 4742.625000
 252, 23.523375, 0.153748, 4742.625000
 253, 23.677122, 0.153748, 4742.625000
 254, 23.830870, 0.153748, 4742.625000
 255, 23.984617, 0.153748, 4742.625000
 256, 24.138365, 0.153748, 4742.625000
 257, 24.292112, 0.153748, 4742.625000
 258, 24.445860, 0.153748, 4742.625000
 259, 24.599607, 0.153748, 4742.625000
 260, 24.753355, 0.153748, 4742.625000
 261, 24.907103, 0.153748, 4742.625000
 262, 25.060850, 0.153748, 4742.625000
 263, 25.214598, 0.153748, 4742.625000
 264, 25.368345, 0.153748, 4742.625000
 265, 25.522093, 0.153748, 4742.625000
 266, 25.675840, 0.153748, 4742.625000
 267, 25.829588, 0.153748, 4742.625000
 268, 25.983335, 0.153748, 4742.625000
 269, 26.137083, 0.153748, 4742.625000
 270, 26.290831, 0.153748, 4742.625000
 271, 26.444578, 0.153748, 4742.625000
 272, 26.598326, 0.153748, 4742.625000
 273, 26.752073, 0.153748, 4742.625000
 274, 26.905821, 0.153748, 4742.625000
 275, 27.059568, 0.153748, 4742.625000
 276, 27.213316, 0.153748, 4742.625000
 277, 27.367064, 0.153748, 4742.625000
 278, 27.520811, 0.153748, 4742.625000
 279, 27.674559, 0.153748, 4742.625000
 280, 27.828306, 0.153748, 4742.625000
 281, 27.982054, 0.153748, 4742.625000
 282, 28.135801, 0.153748, 4742.625000
 283, 28.289549, 0.153748, 4742.625000
 284, 28.443296, 0.153748, 4742.625000
 285, 28.597044, 0.153748, 4742.625000
 286, 28.750792, 0.153748, 4742.625000
 287, 28.904539, 0.153748, 4742.625000
 288, 29.058287, 0.153748, 4742.625000
 289, 29.212034, 0.153748, 4742.625000
 290, 29.365782, 0.153748, 4742.625000
 291, 29.519529, 0.153748, 4742.625000
 292, 29.673277, 0.153748, 4742.625000
 293, 29.827024, 0.153748, 4742.625000
 294, 29.980772, 0.153748, 4742.625000
 295, 30.134520, 0.153748, 4742.625000
 296, 30.288267, 0.153748, 4742.625000
 297, 30.442015, 0.153748, 4742.625000
 298, 30.595762, 0.153748, 4742.625000
 299, 30.749510, 0.153748, 4742.625000
 300, 30.903257, 0.153748, 4742.625000
 301, 31.057005, 0.153748, 4742.625000
 302, 31.210752, 0.153748, 4742.625000
 303, 31.364500, 0.153748, 4742.625000
 304, 31.518248, 0.153748, 4742.625000
 305, 31.671995, 0.153748, 4742.625000
 306, 31.825743, 0.153748, 4742.625000
 307, 31.979490, 0.153748, 4742.625000
 308, 32.133236, 0.153746, 4742.624512
 309, 32.286983, 0.153748, 4742.625000
 310, 32.440731, 0.153748, 4742.625000
 311, 32.594479, 0.153748, 4742.625000
 312, 32.748226, 0.153748, 4742.625000
 313, 32.901974, 0.153748, 4742.625000
 314, 33.055721, 0.153748, 4742.625000
 315, 33.209469, 0.153748, 4742.625000
 316, 33.363216, 0.153748, 4742.625000
 317, 33.516964, 0.153748, 4742.625000
 318, 33.670712, 0.153748, 4742.625000
 319, 33.824459, 0.153748, 4742.625000
 320, 33.978207, 0.153748, 4742.625000
 321, 34.131954, 0.153748, 4742.625000
 322, 34.285702, 0.153748, 4742.625000
 323, 34.439449, 0.153748, 4742.625000
 324, 34.593197, 0.153748, 4742.625000
 325, 34.746944, 0.153748, 4742.625000
 326, 34.900692, 0.153748, 4742.625000
 327, 35.054440, 0.153748, 4742.625000
 328, 35.208187, 0.153748, 4742.625000
 329, 35.361935, 0.153748, 4742.625000
 330, 35.515682, 0.153748, 4742.625000
 331, 35.669430, 0.153748, 4742.625000
 332, 35.823177, 0.153748, 4742.625000
 333, 35.976925, 0.153748, 4742.625000
 334, 36.130672, 0.153748, 4742.625000
 335, 36.284420, 0.153748, 4742.625000
 336, 36.438168, 0.153748, 4742.625000
 337, 36.591915, 0.153748, 4742.625000
 338, 36.745663, 0.153748, 4742.625000
 339, 36.899410, 0.153748, 4742.625000
 340, 37.053158, 0.153748, 4742.625000
 341, 37.206905, 0.153748, 4742.625000
 342, 37.360653, 0.153748, 4742.625000
 343, 37.514400, 0.153748, 4742.625000
 344, 37.668148, 0.153748, 4742.625000
 345, 37.821896, 0.153748, 4742.625000
 346, 37.975643, 0.153748, 4742.625000
 347, 38.129391, 0.153748, 4742.625000
 348, 38.283138, 0.153748, 4742.625000
 349, 38.436886, 0.153748, 4742.625000
 350, 38.590633, 0.153748, 4742.625000
 351, 38.744381, 0.153748, 4742.625000
 352, 38.898129, 0.153748, 4742.625000
 353, 39.051876, 0.153748, 4742.625000
 354, 39.205624, 0.153748, 4742.625000
 355, 39.359371, 0.153748, 4742.625000
 356, 39.513119, 0.153748, 4742.625000
 357, 39.666866, 0.153748, 4742.625000
 358, 39.820614, 0.153748, 4742.625000
 359, 39.974361, 0.153748, 4742.625000
 360, 40.128109, 0.153748, 4742.625000
 361, 40.281857, 0.153748, 4742.625000
 362, 40.435604, 0.153748, 4742.625000
 363, 40.589352, 0.153748, 4742.625000
 364, 40.743099, 0.153748, 4742.625000
 365, 40.896847, 0.153748, 4742.625000
 366, 41.050594, 0.153748, 4742.625000
 367, 41.204342, 0.153748, 4742.625000
 368, 41.358089, 0.153748, 4742.625000
 369, 41.511837, 0.153748, 4742.625000
 370, 41.665585, 0.153748, 4742.625000
 371, 41.819332, 0.153748, 4742.625000
 372, 41.973080, 0.153748, 4742.625000
 373, 42.126827, 0.153748, 4742.625000
 374, 42.280575, 0.153748, 4742.625000
 375, 42.434322, 0.153748, 4742.625000
 376, 42.588070, 0.153748, 4742.625000
 377, 42.741817, 0.153748, 4742.625000
 378, 42.895565, 0.153748, 4742.625000
 379, 43.049313, 0.153748, 4742.625000
 380, 43.203060, 0.153748, 4742.625000
 381, 43.356808, 0.153748, 4742.625000
 382, 43.510555, 0.153748, 4742.625000
 383, 43.664303, 0.153748, 4742.625000
 384, 43.818050, 0.153748, 4742.625000
 385, 43.971798, 0.153748, 4742.625000
 386, 44.125546, 0.153748, 4742.625000
 387, 44.279293, 0.153748, 4742.625000
 388, 44.433041, 0.153748, 4742.625000
 389, 44.586788, 0.153748, 4742.625000
 390, 44.740536, 0.153748, 4742.625000
 391, 44.894283, 0.153748, 4742.625000
 392, 45.048031, 0.153748, 4742.625000
 393, 45.201778, 0.153748, 4742.625000
 394, 45.355526, 0.153748, 4742.625000
 395, 45.509274, 0.153748, 4742.625000
 396, 45.663021, 0.153748, 4742.625000
 397, 45.816769, 0.153748, 4742.625000
 398, 45.970516, 0.153748, 4742.625000
 399, 46.124264, 0.153748, 4742.625000
 400, 46.124264, 0.000000, 4708.800293
 401, 46.124264, 0.000000, 4708.800293
 402, 46.124264, 0.000000, 4708.800293
 403, 46.124264, 0.000000, 4708.800293
 404, 46.124264, 0.000000, 4708.800293
 405, 46.124264, 0.000000, 4708.800293
 406, 46.124264, 0.000000, 4708.800293
 407, 46.124264, 0.000000, 4708.800293
 408, 46.124264, 0.000000, 4708.800293
 409, 46.124264, 0.000000, 4708.800293
 410, 46.124264, 0.000000, 4708.800293
 411, 46.124264, 0.000000, 4708.800293
 412, 46.124264, 0.000000, 4708.800293
 413, 46.124264, 0.000000, 4708.800293
 414, 46.124264, 0.000000, 4708.800293
 415, 46.124264, 0.000000, 4708.800293
 416, 46.124264, 0.000000, 4708.800293
 417, 46.124264, 0.000000, 4708.800293
 418, 46.124264, 0.000000, 4708.800293
 419, 46.124264, 0.000000, 4708.800293
 420, 46.124264, 0.000000, 4708.800293
 421, 46.124264, 0.000000, 4708.800293
 422, 46.124264, 0.000000, 4708.800293
 423, 46.124264, 0.000000, 4708.800293
 424, 46.124264, 0.000000, 4708.800293
 425, 46.124264, 0.000000, 4708.800293
 426, 46.124264, 0.000000, 4708.800293
 427, 46.124264, 0.000000, 4708.800293
 428, 46.124264, 0.000000, 4708.800293
 429, 46.124264, 0.000000, 4708.800293
 430, 46.124264, 0.000000, 4708.800293
 431, 46.124264, 0.000000, 4708.800293
 432, 46.124264, 0.000000, 4708.800293
 433, 46.124264, 0.000000, 4708.800293
 434, 46.124264, 0.000000, 4708.800293
 435, 46.124264, 0.000000, 4708.800293
 436, 46.124264, 0.000000, 4708.800293
 437, 46.124264, 0.000000, 4708.800293
 438, 46.124264, 0.000000, 4708.800293
 439, 46.124264, 0.000000, 4708.800293
 440, 46.124264, 0.000000, 4708.800293
 441, 46.124264, 0.000000, 4708.800293
 442, 46.124264, 0.000000, 4708.800293
 443, 46.124264, 0.000000, 4708.800293
 444, 46.124264, 0.000000, 4708.800293
 445, 46.124264, 0.000000, 4708.800293
 446, 46.124264, 0.000000, 4708.800293
 447, 46.124264, 0.000000, 4708.800293
 448, 46.124264, 0.000000, 4708.800293
 449, 46.124264, 0.000000, 4708.800293
 450, 46.124264, 0.000000, 4708.800293
 451, 46.124264, 0.000000, 4708.800293
 452, 46.124264, 0.000000, 4708.800293
 453, 46.124264, 0.000000, 4708.800293
 454, 46.124264, 0.000000, 4708.800293
 455, 46.124264, 0.000000, 4708.800293
 456, 46.124264, 0.000000, 4708.800293
 457, 46.124264, 0.000000, 4708.800293
 458, 46.124264, 0.000000, 4708.800293
 459, 46.124264, 0.000000, 4708.800293
 460, 46.124264, 0.000000, 4708.800293
 461, 46.124264, 0.000000, 4708.800293
 462, 46.124264, 0.000000, 4708.800293
 463, 46.124264, 0.000000, 4708.800293
 464, 46.124264, 0.000000, 4708.800293
 465, 46.124264, 0.000000, 4708.800293
 466, 46.124264, 0.000000, 4708.800293
 467, 46.124264, 0.000000, 4708.800293
 468, 46.124264, 0.000000, 4708.800293
 469, 46.124264, 0.000000, 4708.800293
 470, 46.124264, 0.000000, 4708.800293
 471, 46.124264, 0.000000, 4708.800293
 472, 46.124264, 0.000000, 4708.800293
 473, 46.124264, 0.000000, 4708.800293
 474, 46.124264, 0.000000, 4708.800293
 475, 46.124264, 0.000000, 4708.800293
 476, 46.124264, 0.000000, 4708.800293
 477, 46.124264, 0.000000, 4708.800293
 478, 46.124264, 0.000000, 4708.800293
 479, 46.124264, 0.000000, 4708.800293
 480, 46.124264, 0.000000, 4708.800293
 481, 46.124264, 0.000000, 4708.800293
 482, 46.124264, 0.000000, 4708.800293
 483, 46.124264, 0.000000, 4708.800293
 484, 46.124264, 0.000000, 4708.800293
 485, 46.124264, 0.000000, 4708.800293
 486, 46.124264, 0.000000, 4708.800293
 487, 46.124264, 0.000000, 4708.800293
 488, 46.124264, 0.000000, 4708.800293
 489, 46.124264, 0.000000, 4708.800293
 490, 46.124264, 0.000000, 4708.800293
 491, 46.124264, 0.000000, 4708.800293
 492, 46.124264, 0.000000, 4708.800293
 493, 46.124264, 0.000000, 4708.800293
 494, 46.124264, 0.000000, 4708.800293
 495, 46.124264, 0.000000, 4708.800293
 496, 46.124264, 0.000000, 4708.800293
 497, 46.124264, 0.000000, 4708.800293
 498, 46.124264, 0.000000, 4708.800293
 499, 46.124264, 0.000000, 4708.800293
 500, 46.124264, 0.000000, 4708.800293
 501, 46.124264, 0.000000, 4708.800293
 502, 46.124264, 0.000000, 4708.800293
 503, 46.124264, 0.000000, 4708.800293
 504, 46.124264, 0.000000, 4708.800293
 505, 46.124264, 0.000000, 4708.800293
 506, 46.124264, 0.000000, 4708.800293
 507, 46.124264, 0.000000, 4708.800293
 508, 46.124264, 0.000000, 4708.800293
 509, 46.124264, 0.000000, 4708.800293
 510, 46.124264, 0.000000, 4708.800293
 511, 46.124264, 0.000000, 4708.800293
 512, 46.124264, 0.000000, 4708.800293
 513, 46.124264, 0.000000, 4708.800293
 514, 46.124264, 0.000000, 4708.800293
 515, 46.124264, 0.000000, 4708.800293
 516, 46.124264, 0.000000, 4708.800293
 517, 46.124264, 0.000000, 4708.800293
 518, 46.124264, 0.000000, 4708.800293
 519, 46.124264, 0.000000, 4708.800293
 520, 46.124264, 0.000000, 4708.800293
 521, 46.124264, 0.000000, 4708.800293
 522, 46.124264, 0.000000, 4708.800293
 523, 46.124264, 0.000000, 4708.800293
 524, 46.124264, 0.000000, 4708.800293
 525, 46.124264, 0.000000, 4708.800293
 526, 46.124264, 0.000000, 4708.800293
 527, 46.124264, 0.000000, 4708.800293
 528, 46.124264, 0.000000, 4708.800293
 529, 46.124264, 0.000000, 4708.800293
 530, 46.124264, 0.000000, 4708.800293
 531, 46.124264, 0.000000, 4708.800293
 532, 46.124264, 0.000000, 4708.800293
 533, 46.124264, 0.000000, 4708.800293
 534, 46.124264, 0.000000, 4708.800293
 535, 46.124264, 0.000000, 4708.800293
 536, 46.124264, 0.000000, 4708.800293
 537, 46.124264, 0.000000, 4708.800293
 538, 46.124264, 0.000000, 4708.800293
 539, 46.124264, 0.000000, 4708.800293
 540, 46.124264, 0.000000, 4708.800293
 541, 46.124264, 0.000000, 4708.800293
 542, 46.124264, 0.000000, 4708.800293
 543, 46.124264, 0.000000, 4708.800293
 544, 46.124264, 0.000000, 4708.800293
 545, 46.124264, 0.000000, 4708.800293
 546, 46.124264, 0.000000, 4708.800293
 547, 46.124264, 0.000000, 4708.800293
 548, 46.124264, 0.000000, 4708.800293
 549, 46.124264, 0.000000, 4708.800293
 550, 46.124264, 0.000000, 4708.800293
 551, 46.124264, 0.000000, 4708.800293
 552, 46.124264, 0.000000, 4708.800293
 553, 46.124264, 0.000000, 4708.800293
 554, 46.124264, 0.000000, 4708.800293
 555, 46.124264, 0.000000, 4708.800293
 556, 46.124264, 0.000000, 4708.800293
 557, 46.124264, 0.000000, 4708.800293
 558, 46.124264, 0.000000, 4708.800293
 559, 46.124264, 0.000000, 4708.800293
 560, 46.124264, 0.000000, 4708.800293
 561, 46.124264, 0.000000, 4708.800293
 562, 46.124264, 0.000000, 4708.800293
 563, 46.124264, 0.000000, 4708.800293
 564, 46.124264, 0.000000, 4708.800293
 565, 46.124264, 0.000000, 4708.800293
 566, 46.124264, 0.000000, 4708.800293
 567, 46.124264, 0.000000, 4708.800293
 568, 46.124264, 0.000000, 4708.800293
 569, 46.124264, 0.000000, 4708.800293
 570, 46.124264, 0.000000, 4708.800293
 571, 46.124264, 0.000000, 4708.800293
 572, 46.124264, 0.000000, 4708.800293
 573, 46.124264, 0.000000, 4708.800293
 574, 46.124264, 0.000000, 4708.800293
 575, 46.124264, 0.000000, 4708.800293
 576, 46.124264, 0.000000, 4708.800293
 577, 46.124264, 0.000000, 4708.800293
 578, 46.124264, 0.000000, 4708.800293
 579, 46.124264, 0.000000, 4708.800293
 580, 46.124264, 0.000000, 4708.800293
 581, 46.124264, 0.000000, 4708.800293
 582, 46.124264, 0.000000, 4708.800293
 583, 46.124264, 0.000000, 4708.800293
 584, 46.124264, 0.000000, 4708.800293
 585, 46.124264, 0.000000, 4708.800293
 586, 46.124264, 0.000000, 4708.800293
 587, 46.124264, 0.000000, 4708.800293
 588, 46.124264, 0.000000, 4708.800293
 589, 46.124264, 0.000000, 4708.800293
 590, 46.124264, 0.000000, 4708.800293
 591, 46.124264, 0.000000, 4708.800293
 592, 46.124264, 0.000000, 4708.800293
 593, 46.124264, 0.000000, 4708.800293
 594, 46.124264, 0.000000, 4708.800293
 595, 46.124264, 0.000000, 4708.800293
 596, 46.124264, 0.000000, 4708.800293
 597, 46.124264, 0.000000, 4708.800293
 598, 46.124264, 0.000000, 4708.800293
 599, 46.124264, 0.000000, 4708.800293
 600, 45.970516, -0.153748, 4674.975586
 601, 45.816769, -0.153748, 4674.975586
 602, 45.663021, -0.153748, 4674.975586
 603, 45.509274, -0.153748, 4674.975586
 604, 45.355526, -0.153748, 4674.975586
 605, 45.201778, -0.153748, 4674.975586
 606, 45.048031, -0.153748, 4674.975586
 607, 44.894283, -0.153748, 4674.975586
 608, 44.740536, -0.153748, 4674.975586
 609, 44.586788, -0.153748, 4674.975586
 610, 44.433041, -0.153748, 4674.975586
 611, 44.279293, -0.153748, 4674.975586
 612, 44.125546, -0.153748, 4674.975586
 613, 43.971798, -0.153748, 4674.975586
 614, 43.818050, -0.153748, 4674.975586
 615, 43.664303, -0.153748, 4674.975586
 616, 43.510555, -0.153748, 4674.975586
 617, 43.356808, -0.153748, 4674.975586
 618, 43.203060, -0.153748, 4674.975586
 619, 43.049313, -0.153748, 4674.975586
 620, 42.895565, -0.153748, 4674.975586
 621, 42.741817, -0.153748, 4674.975586
 622, 42.588070, -0.153748, 4674.975586
 623, 42.434322, -0.153748, 4674.975586
 624, 42.280575, -0.153748, 4674.975586
 625, 42.126827, -0.153748, 4674.975586
 626, 41.973080, -0.153748, 4674.975586
 627, 41.819332, -0.153748, 4674.975586
 628, 41.665585, -0.153748, 4674.975586
 629, 41.511837, -0.153748, 4674.975586
 630, 41.358089, -0.153748, 4674.975586
 631, 41.204342, -0.153748, 4674.975586
 632, 41.050594, -0.153748, 4674.975586
 633, 40.896847, -0.153748, 4674.975586
 634, 40.743099, -0.153748, 4674.975586
 635, 40.589352, -0.153748, 4674.975586
 636, 40.435604, -0.153748, 4674.975586
 637, 40.281857, -0.153748, 4674.975586
 638, 40.128109, -0.153748, 4674.975586
 639, 39.974361, -0.153748, 4674.975586
 640, 39.820614, -0.153748, 4674.975586
 641, 39.666866, -0.153748, 4674.975586
 642, 39.513119, -0.153748, 4674.975586
 643, 39.359371, -0.153748, 4674.975586
 644, 39.205624, -0.153748, 4674.975586
 645, 39.051876, -0.153748, 4674.975586
 646, 38.898129, -0.153748, 4674.975586
 647, 38.744381, -0.153748, 4674.975586
 648, 38.590633, -0.153748, 4674.975586
 649, 38.436886, -0.153748, 4674.975586
 650, 38.283138, -0.153748, 4674.975586
 651, 38.129391, -0.153748, 4674.975586
 652, 37.975643, -0.153748, 4674.975586
 653, 37.821896, -0.153748, 4674.975586
 654, 37.668148, -0.153748, 4674.975586
 655, 37.514400, -0.153748, 4674.975586
 656, 37.360653, -0.153748, 4674.975586
 657, 37.206905, -0.153748, 4674.975586
 658, 37.053158, -0.153748, 4674.975586
 659, 36.899410, -0.153748, 4674.975586
 660, 36.745663, -0.153748, 4674.975586
 661, 36.591915, -0.153748, 4674.975586
 662, 36.438168, -0.153748, 4674.975586
 663, 36.284420, -0.153748, 4674.975586
 664, 36.130672, -0.153748, 4674.975586
 665, 35.976925, -0.153748, 4674.975586
 666, 35.823177, -0.153748, 4674.975586
 667, 35.669430, -0.153748, 4674.975586
 668, 35.515682, -0.153748, 4674.975586
 669, 35.361935, -0.153748, 4674.975586
 670, 35.208187, -0.153748, 4674.975586
 671, 35.054440, -0.153748, 4674.975586
 672, 34.900692, -0.153748, 4674.975586
 673, 34.746944, -0.153748, 4674.975586
 674, 34.593197, -0.153748, 4674.975586
 675, 34.439449, -0.153748, 4674.975586
 676, 34.285702, -0.153748, 4674.975586
 677, 34.131954, -0.153748, 4674.975586
 678, 33.978207, -0.153748, 4674.975586
 679, 33.824459, -0.153748, 4674.975586
 680, 33.670712, -0.153748, 4674.975586
 681, 33.516964, -0.153748, 4674.975586
 682, 33.363216, -0.153748, 4674.975586
 683, 33.209469, -0.153748, 4674.975586
 684, 33.055721, -0.153748, 4674.975586
 685, 32.901974, -0.153748, 4674.975586
 686, 32.748226, -0.153748, 4674.975586
 687, 32.594479, -0.153748, 4674.975586
 688, 32.440731, -0.153748, 4674.975586
 689, 32.286983, -0.153748, 4674.975586
 690, 32.133236, -0.153748, 4674.975586
 691, 31.979488, -0.153748, 4674.975586
 692, 31.825741, -0.153748, 4674.975586
 693, 31.671993, -0.153748, 4674.975586
 694, 31.518246, -0.153748, 4674.975586
 695, 31.364498, -0.153748, 4674.975586
 696, 31.210751, -0.153748, 4674.975586
 697, 31.057003, -0.153748, 4674.975586
 698, 30.903255, -0.153748, 4674.975586
 699, 30.749508, -0.153748, 4674.975586
 700, 30.595760, -0.153748, 4674.975586
 701, 30.442013, -0.153748, 4674.975586
 702, 30.288265, -0.153748, 4674.975586
 703, 30.134518, -0.153748, 4674.975586
 704, 29.980770, -0.153748, 4674.975586
 705, 29.827023, -0.153748, 4674.975586
 706, 29.673275, -0.153748, 4674.975586
 707, 29.519527, -0.153748, 4674.975586
 708, 29.365780, -0.153748, 4674.975586
 709, 29.212032, -0.153748, 4674.975586
 710, 29.058285, -0.153748, 4674.975586
 711, 28.904537, -0.153748, 4674.975586
 712, 28.750790, -0.153748, 4674.975586
 713, 28.597042, -0.153748, 4674.975586
 714, 28.443295, -0.153748, 4674.975586
 715, 28.289547, -0.153748, 4674.975586
 716, 28.135799, -0.153748, 4674.975586
 717, 27.982052, -0.153748, 4674.975586
 718, 27.828304, -0.153748, 4674.975586
 719, 27.674557, -0.153748, 4674.975586
 720, 27.520809, -0.153748, 4674.975586
 721, 27.367062, -0.153748, 4674.975586
 722, 27.213314, -0.153748, 4674.975586
 723, 27.059566, -0.153748, 4674.975586
 724, 26.905819, -0.153748, 4674.975586
 725, 26.752071, -0.153748, 4674.975586
 726, 26.598324, -0.153748, 4674.975586
 727, 26.444576, -0.153748, 4674.975586
 728, 26.290829, -0.153748, 4674.975586
 729, 26.137081, -0.153748, 4674.975586
 730, 25.983334, -0.153748, 4674.975586
 731, 25.829586, -0.153748, 4674.975586
 732, 25.675838, -0.153748, 4674.975586
 733, 25.522091, -0.153748, 4674.975586
 734, 25.368343, -0.153748, 4674.975586
 735, 25.214596, -0.153748, 4674.975586
 736, 25.060848, -0.153748, 4674.975586
 737, 24.907101, -0.153748, 4674.975586
 738, 24.753353, -0.153748, 4674.975586
 739, 24.599606, -0.153748, 4674.975586
 740, 24.445858, -0.153748, 4674.975586
 741, 24.292110, -0.153748, 4674.975586
 742, 24.138363, -0.153748, 4674.975586
 743, 23.984615, -0.153748, 4674.975586
 744, 23.830868, -0.153748, 4674.975586
 745, 23.677120, -0.153748, 4674.975586
 746, 23.523373, -0.153748, 4674.975586
 747, 23.369625, -0.153748, 4674.975586
 748, 23.215878, -0.153748, 4674.975586
 749, 23.062130, -0.153748, 4674.975586
 750, 22.908382, -0.153748, 4674.975586
 751, 22.754635, -0.153748, 4674.975586
 752, 22.600887, -0.153748, 4674.975586
 753, 22.447140, -0.153748, 4674.975586
 754, 22.293392, -0.153748, 4674.975586
 755, 22.139645, -0.153748, 4674.975586
 756, 21.985897, -0.153748, 4674.975586
 757, 21.832150, -0.153748, 4674.975586
 758, 21.678402, -0.153748, 4674.975586
 759, 21.524654, -0.153748, 4674.975586
 760, 21.370907, -0.153748, 4674.975586
 761, 21.217159, -0.153748, 4674.975586
 762, 21.063412, -0.153748, 4674.975586
 763, 20.909664, -0.153748, 4674.975586
 764, 20.755917, -0.153748, 4674.975586
 765, 20.602169, -0.153748, 4674.975586
 766, 20.448421, -0.153748, 4674.975586
 767, 20.294674, -0.153748, 4674.975586
 768, 20.140926, -0.153748, 4674.975586
 769, 19.987179, -0.153748, 4674.975586
 770, 19.833431, -0.153748, 4674.975586
 771, 19.679684, -0.153748, 4674.975586
 772, 19.525936, -0.153748, 4674.975586
 773, 19.372189, -0.153748, 4674.975586
 774, 19.218441, -0.153748, 4674.975586
 775, 19.064693, -0.153748, 4674.975586
 776, 18.910946, -0.153748, 4674.975586
 777, 18.757198, -0.153748, 4674.975586
 778, 18.603451, -0.153748, 4674.975586
 779, 18.449703, -0.153748, 4674.975586
 780, 18.295956, -0.153748, 4674.975586
 781, 18.142208, -0.153748, 4674.975586
 782, 17.988461, -0.153748, 4674.975586
 783, 17.834713, -0.153748, 4674.975586
 784, 17.680965, -0.153748, 4674.975586
 785, 17.527218, -0.153748, 4674.975586
 786, 17.373470, -0.153748, 4674.975586
 787, 17.219723, -0.153748, 4674.975586
 788, 17.065975, -0.153748, 4674.975586
 789, 16.912228, -0.153748, 4674.975586
 790, 16.758480, -0.153748, 4674.975586
 791, 16.604733, -0.153748, 4674.975586
 792, 16.450985, -0.153748, 4674.975586
 793, 16.297237, -0.153748, 4674.975586
 794, 16.143490, -0.153748, 4674.975586
 795, 15.989742, -0.153748, 4674.975586
 796, 15.835995, -0.153748, 4674.975586
 797, 15.682247, -0.153748, 4674.975586
 798, 15.528500, -0.153748, 4674.975586
 799, 15.374752, -0.153748, 4674.975586
 800, 15.221004, -0.153749, 4674.975586
 801, 15.067257, -0.153747, 4674.976074
 802, 14.913509, -0.153748, 4674.975586
 803, 14.759762, -0.153748, 4674.975586
 804, 14.606014, -0.153748, 4674.975586
 805, 14.452267, -0.153748, 4674.975586
 806, 14.298519, -0.153748, 4674.975586
 807, 14.144772, -0.153748, 4674.975586
 808, 13.991024, -0.153748, 4674.975586
 809, 13.837276, -0.153748, 4674.975586
 810, 13.683529, -0.153748, 4674.975586
 811, 13.529781, -0.153748, 4674.975586
 812, 13.376034, -0.153748, 4674.975586
 813, 13.222286, -0.153748, 4674.975586
 814, 13.068539, -0.153748, 4674.975586
 815, 12.914791, -0.153748, 4674.975586
 816, 12.761044, -0.153748, 4674.975586
 817, 12.607296, -0.153748, 4674.975586
 818, 12.453548, -0.153748, 4674.975586
 819, 12.299801, -0.153748, 4674.975586
 820, 12.146053, -0.153748, 4674.975586
 821, 11.992306, -0.153748, 4674.975586
 822, 11.838558, -0.153748, 4674.975586
 823, 11.684811, -0.153748, 4674.975586
 824, 11.531063, -0.153748, 4674.975586
 825, 11.377316, -0.153747, 4674.976074
 826, 11.223568, -0.153749, 4674.975586
 827, 11.069820, -0.153748, 4674.975586
 828, 10.916073, -0.153748, 4674.975586
 829, 10.762325, -0.153748, 4674.975586
 830, 10.608578, -0.153748, 4674.975586
 831, 10.454830, -0.153748, 4674.975586
 832, 10.301083, -0.153748, 4674.975586
 833, 10.147335, -0.153748, 4674.975586
 834, 9.993587, -0.153749, 4674.975586
 835, 9.839840, -0.153747, 4674.976074
 836, 9.686092, -0.153748, 4674.975586
 837, 9.532345, -0.153748, 4674.975586
 838, 9.378597, -0.153748, 4674.975586
 839, 9.224850, -0.153748, 4674.975586
 840, 9.071102, -0.153748, 4674.975586
 841, 8.917355, -0.153748, 4674.975586
 842, 8.763607, -0.153748, 4674.975586
 843, 8.609859, -0.153748, 4674.975586
 844, 8.456112, -0.153748, 4674.975586
 845, 8.302364, -0.153748, 4674.975586
 846, 8.148617, -0.153748, 4674.975586
 847, 7.994869, -0.153748, 4674.975586
 848, 7.841122, -0.153747, 4674.976074
 849, 7.687374, -0.153748, 4674.975586
 850, 7.533627, -0.153747, 4674.976074
 851, 7.379879, -0.153748, 4674.975586
 852, 7.226131, -0.153748, 4674.975586
 853, 7.072384, -0.153747, 4674.976074
 854, 6.918636, -0.153748, 4674.975586
 855, 6.764889, -0.153747, 4674.976074
 856, 6.611141, -0.153748, 4674.975586
 857, 6.457394, -0.153747, 4674.976074
 858, 6.303646, -0.153748, 4674.975586
 859, 6.149899, -0.153747, 4674.976074
 860, 5.996151, -0.153748, 4674.975586
 861, 5.842403, -0.153748, 4674.975586
 862, 5.688656, -0.153747, 4674.976074
 863, 5.534908, -0.153748, 4674.975586
 864, 5.381161, -0.153747, 4674.976074
 865, 5.227413, -0.153748, 4674.975586
 866, 5.073666, -0.153747, 4674.976074
 867, 4.919918, -0.153748, 4674.975586
 868, 4.766171, -0.153747, 4674.976074
 869, 4.612423, -0.153748, 4674.975586
 870, 4.458675, -0.153748, 4674.975586
 871, 4.304928, -0.153747, 4674.976074
 872, 4.151180, -0.153748, 4674.975586
 873, 3.997433, -0.153747, 4674.976074
 874, 3.843685, -0.153748, 4674.975586
 875, 3.689938, -0.153747, 4674.976074
 876, 3.536190, -0.153748, 4674.975586
 877, 3.382442, -0.153748, 4674.975586
 878, 3.228695, -0.153747, 4674.976074
 879, 3.074947, -0.153748, 4674.975586
 880, 2.921200, -0.153747, 4674.976074
 881, 2.767452, -0.153748, 4674.975586
 882, 2.613705, -0.153747, 4674.976074
 883, 2.459957, -0.153748, 4674.975586
 884, 2.306210, -0.153747, 4674.976074
 885, 2.152462, -0.153748, 4674.975586
 886, 1.998714, -0.153748, 4674.975586
 887, 1.844967, -0.153747, 4674.976074
 888, 1.691219, -0.153748, 4674.975586
 889, 1.537472, -0.153747, 4674.976074
 890, 1.383724, -0.153748, 4674.975586
 891, 1.229977, -0.153747, 4674.976074
 892, 1.076229, -0.153748, 4674.975586
 893, 0.922482, -0.153747, 4674.976074
 894, 0.768734, -0.153748, 4674.975586
 895, 0.614986, -0.153748, 4674.975586
 896, 0.461239, -0.153747, 4674.976074
 897, 0.307491, -0.153748, 4674.975586
 898, 0.153744, -0.153747, 4674.976074
 899, -0.000004, -0.153748, 4674.975586
 900, -0.000004, 0.000000, 4708.800293
 901, -0.000004, 0.000000, 4708.800293
 902, -0.000004, 0.000000, 4708.800293
 903, -0.000004, 0.000000, 4708.800293
 904, -0.000004, 0.000000, 4708.800293
 905, -0.000004, 0.000000, 4708.800293
 906, -0.000004, 0.000000, 4708.800293
 907, -0.000004, 0.000000, 4708.800293
 908, -0.000004, 0.000000, 4708.800293
 909, -0.000004, 0.000000, 4708.800293
 910, -0.000004, 0.000000, 4708.800293
 911, -0.000004, 0.000000, 4708.800293
 912, -0.000004, 0.000000, 4708.800293
 913, -0.000004, 0.000000, 4708.800293
 914, -0.000004, 0.000000, 4708.800293
 915, -0.000004, 0.000000, 4708.800293
 916, -0.000004, 0.000000, 4708.800293
 917, -0.000004, 0.000000, 4708.800293
 918, -0.000004, 0.000000, 4708.800293
 919, -0.000004, 0.000000, 4708.800293
 920, -0.000004, 0.000000, 4708.800293
 921, -0.000004, 0.000000, 4708.800293
 922, -0.000004, 0.000000, 4708.800293
 923, -0.000004, 0.000000, 4708.800293
 924, -0.000004, 0.000000, 4708.800293
 925, -0.000004, 0.000000, 4708.800293
 926, -0.000004, 0.000000, 4708.800293
 927, -0.000004, 0.000000, 4708.800293
 928, -0.000004, 0.000000, 4708.800293
 929, -0.000004, 0.000000, 4708.800293
 930, -0.000004, 0.000000, 4708.800293
 931, -0.000004, 0.000000, 4708.800293
 932, -0.000004, 0.000000, 4708.800293
 933, -0.000004, 0.000000, 4708.800293
 934, -0.000004, 0.000000, 4708.800293
 935, -0.000004, 0.000000, 4708.800293
 936, -0.000004, 0.000000, 4708.800293
 937, -0.000004, 0.000000, 4708.800293
 938, -0.000004, 0.000000, 4708.800293
 939, -0.000004, 0.000000, 4708.800293
 940, -0.000004, 0.000000, 4708.800293
 941, -0.000004, 0.000000, 4708.800293
 942, -0.000004, 0.000000, 4708.800293
 943, -0.000004, 0.000000, 4708.800293
 944, -0.000004, 0.000000, 4708.800293
 945, -0.000004, 0.000000, 4708.800293
 946, -0.000004, 0.000000, 4708.800293
 947, -0.000004, 0.000000, 4708.800293
 948, -0.000004, 0.000000, 4708.800293
 949, -0.000004, 0.000000, 4708.800293
 950, -0.000004, 0.000000, 4708.800293
 951, -0.000004, 0.000000, 4708.800293
 952, -0.000004, 0.000000, 4708.800293
 953, -0.000004, 0.000000, 4708.800293
 954, -0.000004, 0.000000, 4708.800293
 955, -0.000004, 0.000000, 4708.800293
 956, -0.000004, 0.000000, 4708.800293
 957, -0.000004, 0.000000, 4708.800293
 958, -0.000004, 0.000000, 4708.800293
 959, -0.000004, 0.000000, 4708.800293
 960, -0.000004, 0.000000, 4708.800293
 961, -0.000004, 0.000000, 4708.800293
 962, -0.000004, 0.000000, 4708.800293
 963, -0.000004, 0.000000, 4708.800293
 964, -0.000004, 0.000000, 4708.800293
 965, -0.000004, 0.000000, 4708.800293
 966, -0.000004, 0.000000, 4708.800293
 967, -0.000004, 0.000000, 4708.800293
 968, -0.000004, 0.000000, 4708.800293
 969, -0.000004, 0.000000, 4708.800293
 970, -0.000004, 0.000000, 4708.800293
 971, -0.000004, 0.000000, 4708.800293
 972, -0.000004, 0.000000, 4708.800293
 973, -0.000004, 0.000000, 4708.800293
 974, -0.000004, 0.000000, 4708.800293
 975, -0.000004, 0.000000, 4708.800293
 976, -0.000004, 0.000000, 4708.800293
 977, -0.000004, 0.000000, 4708.800293
 978, -0.000004, 0.000000, 4708.800293
 979, -0.000004, 0.000000, 4708.800293
 980, -0.000004, 0.000000, 4708.800293
 981, -0.000004, 0.000000, 4708.800293
 982, -0.000004, 0.000000, 4708.800293
 983, -0.000004, 0.000000, 4708.800293
 984, -0.000004, 0.000000, 4708.800293
 985, -0.000004, 0.000000, 4708.800293
 986, -0.000004, 0.000000, 4708.800293
 987, -0.000004, 0.000000, 4708.800293
 988, -0.000004, 0.000000, 4708.800293
 989, -0.000004, 0.000000, 4708.800293
 990, -0.000004, 0.000000, 4708.800293
 991, -0.000004, 0.000000, 4708.800293
 992, -0.000004, 0.000000, 4708.800293
 993, -0.000004, 0.000000, 4708.800293
 994, -0.000004, 0.000000, 4708.800293
 995, -0.000004, 0.000000, 4708.800293
 996, -0.000004, 0.000000, 4708.800293
 997, -0.000004, 0.000000, 4708.800293
 998, -0.000004, 0.000000, 4708.800293
 999, -0.000004, 0.000000, 4708.800293
